Priority,Label,Country,City,Genre fit,Why them,Owner,Channel,Contact name,Contact email,Date contacted,Response,Follow-up due,Notes
1,Rähinä Records,Finland,Helsinki,Rap,Independent Finnish rap label founded by Elastinen. Most on-genre target in the country.,,,,,,,,
1,Johanna Kustannus,Finland,Helsinki,Indie/rap/pop,"Active roster: Paperi T, Lyyti, Edicti, Olavi Uusivirta. Right size, current.",,,,,,,,
1,Fullsteam Records,Finland,Helsinki,Indie/pop,"Alma Alanko, Iisa, Ruusut. Multiple-time Independent Label of the Year. Will be at Music x Media.",,,,,,,,
1,YEAR0001,Sweden,Stockholm,Rap/electronic/alt,"Yung Lean, Viagra Boys, Toxe. Near-perfect genre fit. Prestigious, so a harder first call.",,,,,,,,
2,Def Jam Recordings Finland,Finland,Helsinki,Hip hop/pop/R&B,On-genre but major-affiliated so may have in-house marketing.,,,,,,,,
2,Playground Music Finland,Finland,Helsinki,Mixed,Nordic indie with a Helsinki office.,,,,,,,,
2,TNC Recordings,Finland,Helsinki/Berlin,Alt/electronic,Independent, international footprint.,,,,,,,,
2,Despotz Records,Sweden,Stockholm,Pop/electronic,Independent Stockholm label.,,,,,,,,
2,Wakan Tanka Records,Sweden,Malmö,Hip hop/reggae,Global bass and hip-hop specialist.,,,,,,,,
2,Playground Music Sweden,Sweden,Malmö,Mixed,Largest Nordic indie. Likely has in-house marketing.,,,,,,,,
3,Universal Music Finland sub-labels,Finland,Helsinki,Mixed,Check which imprints handle domestic rap.,,,,,,,,
3,Elga Records,Sweden,Stockholm,Dance,Dance/hard dance. Genre fit is weaker.,,,,,,,,
3,Drumcode,Sweden,Stockholm,Techno,Techno. Weak fit for sound-seeding campaigns.,,,,,,,,
3,Fonal Records,Finland,Tampere,Experimental,Experimental. Marginal fit, low priority.,,,,,,,,
